<?xml version="1.0" encoding="UTF-8"?>
<project-private xmlns="http://www.netbeans.org/ns/project-private/1">
    <editor-bookmarks xmlns="http://www.netbeans.org/ns/editor-bookmarks/2" lastBookmarkId="0"/>
    <open-files xmlns="http://www.netbeans.org/ns/projectui-open-files/2">
        <group>
            <file>file:/D:/Java%20netbeans/StudentManagerLab/src/Controller/MenuManagement.java</file>
            <file>file:/D:/Java%20netbeans/StudentManagerLab/src/Model/Library.java</file>
            <file>file:/D:/Java%20netbeans/StudentManagerLab/src/Main.java</file>
            <file>file:/D:/Java%20netbeans/StudentManagerLab/src/Controller/StudentManagement.java</file>
            <file>file:/D:/Java%20netbeans/StudentManagerLab/src/Model/Validation.java</file>
        </group>
    </open-files>
</project-private>
